{
  "generated_at": "2025-05-19T12:11:14.636648",
  "num_samples": 10352,
  "fraud_ratio": 0.15195131375579599,
  "noise_ratio": 0.05
}